Country.of.Origin,Number.of.Bags,Farm.Name,Bag.Weight,Lot.Number,In.Country.Partner,Mill,Harvest.Year,ICO.Number,Grading.Date,Company,Owner,Altitude,Variety,Region,Status,Producer,Processing.Method,Aroma,Uniformity,Flavor,Clean.Cup,Aftertaste,Sweetness,Acidity,Overall,Body,Defects,Balance,Total.Cup.Points,Moisture,Color,Category.One.Defects,Category.Two.Defects,Quakers,Expiration,Certification.Body,Certification.Address,Certification.Contact
Taiwan,3,嵩岳咖啡莊園,60 kg,202004,NKG Quality Service (a division of Bernhard Rothfos Intercafé AG),嵩岳咖啡莊園,2020,,"September 1st, 2020",tcl 台灣咖啡研究室,郭亮志 guoliangzhi,1200,Gesha,雲林-石壁,Completed,郭亮志,Natural / Dry,8.58,10.00,8.67,10.00,8.17,10.00,8.25,8.50,8.50,0.00,8.58,89.25,11 %,None ,0 full defects,0 full defects,0,"September 1st, 2021",NKG Quality Service (a division of Bernhard Rothfos Intercafé AG),"Bahnhofstrasse 22 6300 Zug, Switzerland ",Gloria Pedroza - +41417287296
Kenya,320,n/a,69 kg,1542247,NKG Quality Service (a division of Bernhard Rothfos Intercafé AG),tylor winch,2019,037-1673-5107,"October 30th, 2020",nestle nespresso sa,alexis rodriguez,1650,SL28,n/a,Completed,Tylor Winch Volcafe,Washed / Wet,8.33,10.00,8.50,10.00,8.25,10.00,8.67,8.58,8.42,0.00,8.42,89.17,11 %,Green ,0 full defects,1 full defects,0,"October 30th, 2021",NKG Quality Service (a division of Bernhard Rothfos Intercafé AG),"Bahnhofstrasse 22 6300 Zug, Switzerland ",Gloria Pedroza - +41417287296
Ethiopia,37,honey drip,20 kg,1,Japan Coffee Exchange ,non,2020,,"July 14th, 2020",宸嶧國際有限公司,blossom valley international,2219,Ethiopian Heirlooms,ethiopia,Completed,Honey Dip,Other,8.25,10.00,8.25,10.00,7.92,10.00,8.42,8.33,7.92,0.00,8.08,87.17,11 %,Green ,0 full defects,4 full defects,3,"July 14th, 2021",Japan Coffee Exchange ,"〒413-0002 静岡県熱海市伊豆山１１７３−５８　　　　　　　　 1173-58 Izusan, Atami, Shizuoka, 413-0002  JAPAN",松澤　宏樹　Koju Matsuzawa - +81(0)9085642901
Colombia,1,granja el sauce,20 kg,001 Tostado SW ,NKG Quality Service (a division of Bernhard Rothfos Intercafé AG),dry mill/ honey process,2019,,"September 4th, 2020",tostado sw limited,fernando,1650,Other,santander colombia,Completed,Alvaro Edgar Ramirez Jauregui,Pulped natural / honey,8.33,10.00,8.08,10.00,7.75,10.00,8.33,8.25,8.17,0.00,8.17,87.08,11 %,None ,0 full defects,0 full defects,0,"September 4th, 2021",NKG Quality Service (a division of Bernhard Rothfos Intercafé AG),"Bahnhofstrasse 22 6300 Zug, Switzerland ",Gloria Pedroza - +41417287296
Ethiopia,100,kata muduga,60 kg,1,NKG Quality Service (a division of Bernhard Rothfos Intercafé AG),kata muduga farmers ,2020,,"September 1st, 2020",haia gmbh,dr. marcel lorenz,15002100,Other,limu,Completed,Kata Muduga Farmers Union,Washed / Wet,8.00,10.00,8.33,10.00,8.17,10.00,8.00,8.25,8.00,0.00,8.17,86.92,11 %,Green ,0 full defects,0 full defects,0,"September 1st, 2021",NKG Quality Service (a division of Bernhard Rothfos Intercafé AG),"Bahnhofstrasse 22 6300 Zug, Switzerland ",Gloria Pedroza - +41417287296
Taiwan,100,zhou wu mountain,1 kg,1,Japan Coffee Exchange ,zhou wu mountain,2020,,"January 29th, 2021",宸嶧國際有限公司,hsu ting yey許定燁,1200,Gesha,zhou wu mountain,Completed,Zhou Wu Mountain,Natural / Dry,8.25,10.00,8.25,10.00,7.92,10.00,8.33,8.17,7.92,0.00,8.00,86.83,11.5 %,greenish ,0 full defects,0 full defects,1,"January 29th, 2022",Japan Coffee Exchange ,"〒413-0002 静岡県熱海市伊豆山１１７３−５８　　　　　　　　 1173-58 Izusan, Atami, Shizuoka, 413-0002  JAPAN",松澤　宏樹　Koju Matsuzawa - +81(0)9085642901
Ethiopia,200,non,30 kg,1,Japan Coffee Exchange ,non,2020,E0205,"July 14th, 2020",宸嶧國際有限公司,blossom valley international,2100,Other,ethiopia sidamo guji uraga adola,Completed,non,Washed / Wet,8.25,10.00,8.17,10.00,7.92,10.00,8.17,8.25,7.83,0.00,8.00,86.58,12 %,Green ,0 full defects,3 full defects,1,"July 14th, 2021",Japan Coffee Exchange ,"〒413-0002 静岡県熱海市伊豆山１１７３−５８　　　　　　　　 1173-58 Izusan, Atami, Shizuoka, 413-0002  JAPAN",松澤　宏樹　Koju Matsuzawa - +81(0)9085642901
Ethiopia,250,solomon worku,60 kg,8.33,METAD Agricultural Development plc,solomon worku coffee processing ,2020,010/0115/0037,"March 18th, 2021",sms plc,solomon worku,1950,Ethiopian Yirgacheffe,addis ababa,Completed,SOLOMON WORKU COFFEE PROCESSING ,Washed / Wet,8.00,10.00,8.17,10.00,8.00,10.00,8.25,8.08,7.92,0.00,8.08,86.50,10.5 %,Blue-Green ,0 full defects,1 full defects,0,"March 18th, 2022",METAD Agricultural Development plc," BAWA Center, 3rd Floor (Gerji), Addis Ababa, Ethiopia","Aman Adinew (Emebet Dinku) -  +251-116-292534, +251-911-519196"
Ethiopia,320,firemariyam hambela wamena deri,60 kg,10.6,METAD Agricultural Development plc,firemariyam dry mill site,2020,010/0218/0090,"March 18th, 2021",tadesse desta import & export,tadessa desta amene,2200,Ethiopian Heirlooms,south,Completed,Firemariyam Dinku,Natural / Dry,8.00,10.00,8.08,10.00,8.00,10.00,8.08,8.08,8.08,0.00,8.08,86.42,10 %,Yellow Green  ,0 full defects,5 full defects,6,"March 18th, 2022",METAD Agricultural Development plc," BAWA Center, 3rd Floor (Gerji), Addis Ababa, Ethiopia","Aman Adinew (Emebet Dinku) -  +251-116-292534, +251-911-519196"
Ethiopia,300,local farm,60 kg,14,METAD Agricultural Development plc,hulling,2019,010/0240/0002,"June 29th, 2020",al-impex business plc,al-impex business plc,2000,Ethiopian Yirgacheffe,dila,Completed,Alemayehue Gume,Washed / Wet,8.00,10.00,8.00,10.00,8.00,10.00,8.08,8.17,8.00,0.00,8.00,86.25,10 %,Blue-Green ,0 full defects,0 full defects,0,"June 29th, 2021",METAD Agricultural Development plc," BAWA Center, 3rd Floor (Gerji), Addis Ababa, Ethiopia","Aman Adinew (Emebet Dinku) -  +251-116-292534, +251-911-519196"
Ethiopia,250,solomon worku,60 kg,8.33,METAD Agricultural Development plc,solomon worku coffee processing ,2021,010/0115/0037,"March 18th, 2021",sms plc,solomon worku,1950,Ethiopian Yirgacheffe,addis ababa,Completed,SOLOMON WORKU COFFEE PROCESSING ,Washed / Wet,8.00,10.00,8.08,10.00,8.00,10.00,8.17,8.08,7.92,0.00,8.00,86.25,10.5 %,Blue-Green ,0 full defects,1 full defects,6,"March 18th, 2022",METAD Agricultural Development plc," BAWA Center, 3rd Floor (Gerji), Addis Ababa, Ethiopia","Aman Adinew (Emebet Dinku) -  +251-116-292534, +251-911-519196"
Kenya,150,various farms,60 kg,412410049,Kenya Coffee Traders Association,ckcm mill,2020,37/3075/10049,"January 13th, 2021",c. dorman limited,lydiah mwangi,1276,SL28,kenya,Completed,VARIOUS COOPERATIVES,Washed / Wet,8.25,10.00,8.00,10.00,8.00,10.00,7.92,7.83,8.00,0.00,8.17,86.17,11.5 %,Green ,0 full defects,5 full defects,0,"January 13th, 2022",Kenya Coffee Traders Association,"P.O. Box 646 00100Nairobi, Kenya",Benson Kibicho Kamau - +254 786 821 621
Taiwan,100,zou zhou yuan,1 kg,1,Japan Coffee Exchange ,zou zhou yuan,2020,,"January 29th, 2021",宸嶧國際有限公司,"fang, cheng lun 方政倫",1300,Gesha,taiwn zou zhou yuan,Completed,Zou Zhou Yuan,Natural / Dry,8.17,10.00,8.00,10.00,7.83,10.00,8.00,8.17,7.83,0.00,8.08,86.08,11.5 %,Green ,0 full defects,0 full defects,0,"January 29th, 2022",Japan Coffee Exchange ,"〒413-0002 静岡県熱海市伊豆山１１７３−５８　　　　　　　　 1173-58 Izusan, Atami, Shizuoka, 413-0002  JAPAN",松澤　宏樹　Koju Matsuzawa - +81(0)9085642901
Vietnam,1,apollo estate,2 kg,Apollo Washed 2020,Specialty Coffee Association ,dry mill,2020,,"March 19th, 2021","sunvirtue co., ltd.","sunvirtue co., ltd.",1040,Catimor,dalat,Completed,"Yeh, Li Chuan",Washed / Wet,7.92,10.00,8.08,10.00,7.75,10.00,7.83,8.17,8.08,0.00,8.00,85.83,13.3 %,Bluish-Green ,0 full defects,1 full defects,0,"March 19th, 2022",Specialty Coffee Association ,"117 W 4th St, Suite 300
Santa Ana, CA 92701

 ",Jessica Rodriguez - 562-999-3164
Taiwan,4,嵩岳咖啡莊園,50 kg,202002,NKG Quality Service (a division of Bernhard Rothfos Intercafé AG),嵩岳咖啡莊園,2019,,"September 1st, 2020",tcl 台灣咖啡研究室,jim郭志豪,1200,Gesha,雲林-石壁,Completed,郭志豪,Natural / Dry,7.83,10.00,8.17,10.00,7.92,10.00,7.83,8.08,7.92,0.00,8.00,85.75,10 %,None ,0 full defects,0 full defects,0,"September 1st, 2021",NKG Quality Service (a division of Bernhard Rothfos Intercafé AG),"Bahnhofstrasse 22 6300 Zug, Switzerland ",Gloria Pedroza - +41417287296
Ethiopia,300,local farmer,60 kg,14,METAD Agricultural Development plc,hulling,2019,010/0240/0002,"June 13th, 2020",al-impex business plc,al-impex business plc,1994,Ethiopian Yirgacheffe,dila,Completed,Alemayehue Mesfin,Washed / Wet,8.00,10.00,8.00,10.00,7.83,10.00,8.00,7.83,8.00,0.00,8.00,85.67,10 %,Green ,0 full defects,7 full defects,0,"June 13th, 2021",METAD Agricultural Development plc," BAWA Center, 3rd Floor (Gerji), Addis Ababa, Ethiopia","Aman Adinew (Emebet Dinku) -  +251-116-292534, +251-911-519196"
Ethiopia,35,none,30 kg,1,Japan Coffee Exchange ,non,2020,E0062,"July 14th, 2020",宸嶧國際有限公司,blossom valley international,1800,Ethiopian Heirlooms,ethiopia  yirgacheffe,Completed,none,Washed / Wet,8.17,10.00,8.00,10.00,7.67,10.00,8.00,8.00,7.75,0.00,7.83,85.42,11 %,Green ,0 full defects,2 full defects,0,"July 14th, 2021",Japan Coffee Exchange ,"〒413-0002 静岡県熱海市伊豆山１１７３−５８　　　　　　　　 1173-58 Izusan, Atami, Shizuoka, 413-0002  JAPAN",松澤　宏樹　Koju Matsuzawa - +81(0)9085642901
Honduras,250,la guama,69 kg,431,Instituto Hondureño del Café,bon cafe s.a.,2019,13-115-237,"May 22nd, 2020",bon cafe s.a,marco tulio fuentes lobo,1450,Catuai,la paz,Completed,NAHUN EDGARDO FLORES GAMEZ.,Washed / Wet,7.92,10.00,7.92,10.00,7.75,10.00,7.92,7.92,7.92,0.00,7.83,85.17,9 %,Green ,0 full defects,1 full defects,0,"May 22nd, 2021",Instituto Hondureño del Café,"Laboratorio de Control de Calidad de Café ( CNCC), 33 Calle, 1-2 Avenida, Sector El Cacao. San Pedro Sula, Cortes",Ramon Reyes - + 504 9693-9042
"Tanzania, United Republic Of",250,hezya ,60 kg,SC5894,Kenya Coffee Traders Association,mbozi coffee curing ,2020,,"December 9th, 2020",volcafe/taylorwinch tanzania ltd,balam hinyula,1420,Bourbon,mbeya ,Completed,HEZYA,Washed / Wet,7.92,10.00,7.75,10.00,7.83,10.00,7.83,7.92,8.00,0.00,7.83,85.08,13.5 %,Green ,0 full defects,0 full defects,0,"December 9th, 2021",Kenya Coffee Traders Association,"P.O. Box 646 00100Nairobi, Kenya",Benson Kibicho Kamau - +254 786 821 621
Uganda,300,kawacom sipi project,60 kg,035 170 5001123,Uganda Coffee Development Authority,kawacom uganda limted,2019,,"May 29th, 2020",kawacom uganda ltd,kawacom uganda ltd,1790,SL28,eastern uganda,Completed,Kawacom Sipi Project,Washed / Wet,7.83,10.00,8.08,10.00,7.92,10.00,7.67,8.00,7.83,0.00,7.75,85.08,10 %,Green ,0 full defects,0 full defects,0,"May 29th, 2021",Uganda Coffee Development Authority,"Coffee House, Plot 35, Jinja Road, P.O. Box 7267, Kampala, Uganda",Clare Rwakatogoro - 256-75-753120312
Kenya,260,non,30 kg,1,Japan Coffee Exchange ,ruchu coffee factory,2019,KY1268,"July 14th, 2020",宸嶧國際有限公司,blossom valley international,1700,SL28,kenya muranga,Completed,non,Washed / Wet,7.92,10.00,7.92,10.00,7.75,10.00,7.75,8.00,7.75,0.00,7.75,84.83,11 %,Green ,0 full defects,2 full defects,0,"July 14th, 2021",Japan Coffee Exchange ,"〒413-0002 静岡県熱海市伊豆山１１７３−５８　　　　　　　　 1173-58 Izusan, Atami, Shizuoka, 413-0002  JAPAN",松澤　宏樹　Koju Matsuzawa - +81(0)9085642901
Colombia,275,sucafina colombia sas,70 kg,3-0960-01793,ASOCIACIÓN COLOMBIANA PARA LA EXCELENCIA DEL CAFE ,sucafina colombia sas,2020,3-0960-01793,"September 8th, 2020",sucafina colombia sas,sucafina colombia sas,1300,Caturra,huila,Completed,Sucafina Colombia SAS,Washed / Wet,7.92,10.00,7.75,10.00,7.67,10.00,8.00,7.75,7.83,0.00,7.83,84.75,11 %,Green ,0 full defects,1 full defects,2,"September 8th, 2021",ASOCIACIÓN COLOMBIANA PARA LA EXCELENCIA DEL CAFE ,calle 70a #7-82 of. 602,Gabriela Salcedo  - 3186238650
Nicaragua,275,aldea global,69 kg,P48161,Asociación de Cafés Especiales de Nicaragua ,aldea coffee,2019,017/191/1841,"September 9th, 2020",asociación aldea global jinotega,asociación aldea global jinotega,1100,SHG,matagalpa,Completed,Aldea Global,Washed / Wet,7.83,10.00,7.67,10.00,7.58,10.00,7.83,7.92,8.00,0.00,7.83,84.67,0 %,Green ,0 full defects,1 full defects,0,"September 9th, 2021",Asociación de Cafés Especiales de Nicaragua ,"Del Hotel Seminole 2 C al lago, 1 C arriba.",Maria Ines Benavidez Toval - 011-(505)-8396 4717
Colombia,160,los guacharos various,70 kg,3-0960-01516,ASOCIACIÓN COLOMBIANA PARA LA EXCELENCIA DEL CAFE ,trilladora bbi,2021,3-0960-01516,"March 4th, 2021",sucafina colombia sas,sucafina colombia sas,1400+,Other,huila,Completed,Los Guacharos,Washed / Wet,7.92,10.00,7.83,10.00,7.67,10.00,8.00,7.67,7.83,0.00,7.67,84.58,11.8 %,Bluish-Green ,0 full defects,1 full defects,0,"March 4th, 2022",ASOCIACIÓN COLOMBIANA PARA LA EXCELENCIA DEL CAFE ,calle 70a #7-82 of. 602,Gabriela Salcedo  - 3186238650
Kenya,238,various,60 kg,37/1673/5093,Japan Coffee Exchange ,various,2020,37/1673/5093,"February 18th, 2021","nippon coffee trading co.,ltd.",yukinobu ueda,1450,SL28,various,Completed,Various,Washed / Wet,7.92,10.00,7.75,10.00,7.75,10.00,7.75,7.75,7.58,0.00,7.83,84.33,11.5 %,greenish ,0 full defects,3 full defects,0,"February 18th, 2022",Japan Coffee Exchange ,"〒413-0002 静岡県熱海市伊豆山１１７３−５８　　　　　　　　 1173-58 Izusan, Atami, Shizuoka, 413-0002  JAPAN",松澤　宏樹　Koju Matsuzawa - +81(0)9085642901
Nicaragua,320,n/a,69 kg,1573236,NKG Quality Service (a division of Bernhard Rothfos Intercafé AG),cisa / mercon,2019,017-001-0487,"November 3rd, 2020",nestle nespresso sa,alexis rodriguez,1600,Pacamara,matagalpa,Completed,CISA-MERCON,Washed / Wet,8.00,10.00,7.83,10.00,7.75,10.00,7.75,7.67,7.67,0.00,7.58,84.25,11 %,Greenish ,0 full defects,4 full defects,1,"November 3rd, 2021",NKG Quality Service (a division of Bernhard Rothfos Intercafé AG),"Bahnhofstrasse 22 6300 Zug, Switzerland ",Gloria Pedroza - +41417287296
"Tanzania, United Republic Of",300,finagro plantations ltd ,60 kg,K28715,Kenya Coffee Traders Association,arusha coffee mill ltd,2020 / 2021,,"November 18th, 2020",coffee exporters ltd,kavita vohora,1750 ,Orange Bourbon,"oldeani, ngorongoro",Completed,Finagro Plantations ltd,Washed / Wet,7.75,10.00,7.75,10.00,7.75,10.00,7.83,7.75,7.83,0.00,7.58,84.25,11.5 %,Green ,0 full defects,6 full defects,0,"November 18th, 2021",Kenya Coffee Traders Association,"P.O. Box 646 00100Nairobi, Kenya",Benson Kibicho Kamau - +254 786 821 621
Brazil,300,cachoeira da grama,59 kg,43106720 - K28761,Brazil Specialty Coffee Association,hulling facility,2020 / 2021,002/4542/0108,"December 18th, 2020",bourbon specialty coffees,bourbon specialty coffees sa,1100,Yellow Bourbon,sul de minas,Completed,GABRIEL DE CARVALHO DIAS,Pulped natural / honey,7.75,10.00,7.83,10.00,7.58,10.00,7.75,7.83,7.75,0.00,7.75,84.25,11.5 %,Green ,0 full defects,4 full defects,1,"December 18th, 2021",Brazil Specialty Coffee Association,"Rua Gaspar Batista Paiva, 416 – Santa Luiza
Varginha/MG – Brazil
",Chris Allen - 55 35 3212-4705
Colombia,150,el prado,70 kg,3-59-03034,ASOCIACIÓN COLOMBIANA PARA LA EXCELENCIA DEL CAFE ,neiva,2020,3-59-03034,"August 27th, 2020",carcafe ltda,rodrigo amaya,442,Caturra,huila,Completed,FRANKLIN DUSSAN,Washed / Wet,7.83,10.00,7.75,10.00,7.58,10.00,7.58,7.75,7.92,0.00,7.75,84.17,11 %,Green ,0 full defects,3 full defects,0,"August 27th, 2021",ASOCIACIÓN COLOMBIANA PARA LA EXCELENCIA DEL CAFE ,calle 70a #7-82 of. 602,Gabriela Salcedo  - 3186238650
Brazil,1280,fazenda cachoeira,76800 kg,S012895-1,Brazil Specialty Coffee Association,dry mill,2020,002/1145/0784,"January 20th, 2021",olam agricola,welson de lacerda barbosa,1150,Catuai,cerrado,Completed,Danilo Barbosa,Natural / Dry,7.75,10.00,7.75,10.00,7.58,10.00,7.75,7.67,7.92,0.00,7.67,84.08,11.5 %,Green ,0 full defects,5 full defects,1,"January 20th, 2022",Brazil Specialty Coffee Association,"Rua Gaspar Batista Paiva, 416 – Santa Luiza
Varginha/MG – Brazil
",Chris Allen - 55 35 3212-4705
Burundi,320,gisha,60 kg,1150,Kenya Coffee Traders Association,budeca,2020,27/01,"August 18th, 2020",bugestal,bugestal sprl,1666,Bourbon,ngozi,Completed,BUGESTAL,Washed / Wet,7.58,10.00,7.75,10.00,7.75,10.00,7.67,7.75,7.83,0.00,7.75,84.08,10 %,Green ,0 full defects,1 full defects,0,"August 18th, 2021",Kenya Coffee Traders Association,"P.O. Box 646 00100Nairobi, Kenya",Benson Kibicho Kamau - +254 786 821 621
Guatemala,275,n/a,69 kg,1567454,NKG Quality Service (a division of Bernhard Rothfos Intercafé AG),beneficio central - efico,2019,011-030-575,"November 4th, 2020",nestle nespresso sa,alexis rodriguez,1600,Other,fraijanes,Completed,n/a,Washed / Wet,8.08,10.00,7.83,10.00,7.67,10.00,7.67,7.67,7.42,0.00,7.67,84.00,11 %,Greenish ,1 full defects,4 full defects,2,"November 4th, 2021",NKG Quality Service (a division of Bernhard Rothfos Intercafé AG),"Bahnhofstrasse 22 6300 Zug, Switzerland ",Gloria Pedroza - +41417287296
Colombia,275,n/a,19250 kg,3-01-10540,ASOCIACIÓN COLOMBIANA PARA LA EXCELENCIA DEL CAFE ,almacafé manizales - trilladora estación uribe,2020 / 2021,3-01-10540,"November 30th, 2020",federación nacional de cafeteros,federación nacional de cafeteros - logística comercial,1750,Other,caldas,Completed,FNC - Several coffee growers,Washed / Wet,7.83,10.00,7.83,10.00,7.58,10.00,7.83,7.58,7.67,0.00,7.67,84.00,11.5 %,Green ,1 full defects,4 full defects,2,"November 30th, 2021",ASOCIACIÓN COLOMBIANA PARA LA EXCELENCIA DEL CAFE ,calle 70a #7-82 of. 602,Gabriela Salcedo  - 3186238650
Colombia,100,el prado,29 kg,3-59-1485,ASOCIACIÓN COLOMBIANA PARA LA EXCELENCIA DEL CAFE ,neiva,2021,3-59-1485,"February 1st, 2021",carcafe ltda,rodrigo amaya,442,Caturra,huila,Completed,FRANKLIN DUSSAN,Washed / Wet,7.92,10.00,7.83,10.00,7.50,10.00,7.83,7.67,7.67,0.00,7.58,84.00,11.5 %,Green ,0 full defects,1 full defects,2,"February 1st, 2022",ASOCIACIÓN COLOMBIANA PARA LA EXCELENCIA DEL CAFE ,calle 70a #7-82 of. 602,Gabriela Salcedo  - 3186238650
Guatemala,275,not specificated,69 kg,11/63/712,Japan Coffee Exchange ,dry mill of exportcafe,2020,,"September 1st, 2020",marubeni corporation,ikuto uehara,1300-1800,Other,guatemala huehuetenango,Completed,"Exportcafe, S.A.",Washed / Wet,7.92,10.00,7.75,10.00,7.58,10.00,7.75,7.67,7.50,0.00,7.75,83.92,12 %,Green ,0 full defects,0 full defects,1,"September 1st, 2021",Japan Coffee Exchange ,"〒413-0002 静岡県熱海市伊豆山１１７３−５８　　　　　　　　 1173-58 Izusan, Atami, Shizuoka, 413-0002  JAPAN",松澤　宏樹　Koju Matsuzawa - +81(0)9085642901
Colombia,200,el prado,29 kg,3-59-02703,ASOCIACIÓN COLOMBIANA PARA LA EXCELENCIA DEL CAFE ,neiva,2020,3-59-2703,"October 2nd, 2020",carcafe ltda,rodrigo amaya,442,Caturra,huila,Completed,FRANKLIN DUSSAN,Washed / Wet,7.83,10.00,7.67,10.00,7.58,10.00,7.83,7.42,7.83,0.00,7.67,83.83,10.5 %,Green ,0 full defects,1 full defects,1,"October 2nd, 2021",ASOCIACIÓN COLOMBIANA PARA LA EXCELENCIA DEL CAFE ,calle 70a #7-82 of. 602,Gabriela Salcedo  - 3186238650
Honduras,285,not specificated,69 kg,13/186/048,Japan Coffee Exchange ,dry mill of safracafe,2020,13/186/048,"October 27th, 2020",marubeni corporation,ikuto uehara,1200-1500,Other,honduras copan,Completed,Aprocafesca,Washed / Wet,7.75,10.00,7.75,10.00,7.75,10.00,7.67,7.75,7.50,0.00,7.67,83.83,11.5 %,Green ,0 full defects,2 full defects,1,"October 27th, 2021",Japan Coffee Exchange ,"〒413-0002 静岡県熱海市伊豆山１１７３−５８　　　　　　　　 1173-58 Izusan, Atami, Shizuoka, 413-0002  JAPAN",松澤　宏樹　Koju Matsuzawa - +81(0)9085642901
Guatemala,275,las rosas,69 kg,415000557,Asociacion Nacional Del Café,n/a,2020,11-63-1257,"July 7th, 2020","retrillas del pacifico, s. a.",byron gonzalez,1500,Bourbon,huehuetenango,Completed,ROLANDO BELARMINO VILLATORO VILLATORO,Natural / Dry,7.50,10.00,7.92,10.00,7.58,10.00,7.58,7.83,7.67,0.00,7.75,83.83,11 %,Green ,0 full defects,4 full defects,1,"July 7th, 2021",Asociacion Nacional Del Café,"5a Calle 0-50, Zona 14
Guatemala City, Guatemala 1014",Brayan Cifuentes - 
Ethiopia,267,zenash,60 kg,0517,Blossom Valley International宸嶧國際,tracon trading plc,2020,010/0148/0517,"August 25th, 2020",mr.brown cafe,mr.brown cafe,1943,Ethiopian Heirlooms,ethiopia guji uraga solomo,Completed,TRACON TRADING PLC,Washed / Wet,7.83,10.00,7.75,10.00,7.67,10.00,7.58,7.75,7.58,0.00,7.67,83.83,11 %,Green ,0 full defects,0 full defects,0,"August 25th, 2021",Blossom Valley International宸嶧國際,"No.72 Mo-Fan St. Taiwan 
Zip: 403
",Damon Chen陳嘉峻 - +886423022323 
Colombia,275,federación nacional de cafeteros de colombia,70 kg,3/01/11613,Japan Coffee Exchange ,federación nacional de cafeteros de colombia ,2019,3/01/11613,"October 27th, 2020",japan,yukinobu ueda,1700,Caturra,huila,Completed,Federación Nacional de Cafeteros de Colombia,Washed / Wet,7.67,10.00,7.58,10.00,7.67,10.00,7.75,7.58,7.75,0.00,7.75,83.75,12 %,Bluish-Green ,0 full defects,0 full defects,1,"October 27th, 2021",Japan Coffee Exchange ,"〒413-0002 静岡県熱海市伊豆山１１７３−５８　　　　　　　　 1173-58 Izusan, Atami, Shizuoka, 413-0002  JAPAN",松澤　宏樹　Koju Matsuzawa - +81(0)9085642901
Guatemala,200,la burbuja,69 kg,415000445,Asociacion Nacional Del Café,n/a,2020,11-63-848,"July 6th, 2020","retrillas del pacifico, s. a.",byron gonzalez,1500,Bourbon,huehuetenango,Completed,MARISSA JUDITH HERRERA VILLATORO,Natural / Dry,7.58,10.00,7.92,10.00,7.50,10.00,7.58,7.83,7.67,0.00,7.67,83.75,11 %,Green ,0 full defects,7 full defects,1,"July 6th, 2021",Asociacion Nacional Del Café,"5a Calle 0-50, Zona 14
Guatemala City, Guatemala 1014",Brayan Cifuentes - 
Guatemala,100,alta luz,69 kg,415000544,Asociacion Nacional Del Café,n/a,2020,11-63-1073,"July 7th, 2020","retrillas del pacifico, s. a.",byron gonzalez,1400,Bourbon,huehuetenango,Completed,MARIA DE LOS ANGELES PEREZ,Natural / Dry,7.58,10.00,7.92,10.00,7.58,10.00,7.58,7.75,7.67,0.00,7.58,83.67,11 %,Green ,0 full defects,6 full defects,1,"July 7th, 2021",Asociacion Nacional Del Café,"5a Calle 0-50, Zona 14
Guatemala City, Guatemala 1014",Brayan Cifuentes - 
Taiwan,1,向陽台灣咖啡,50 kg,20200215,NKG Quality Service (a division of Bernhard Rothfos Intercafé AG),向陽台灣咖啡,2019,,"September 3rd, 2020",tcl 台灣咖啡研究室,"lin, che-hao krude 林哲豪",1000,Gesha,國姓-九份二山,Completed,林言謙 LIN YEN CHIEN ,Natural / Dry,7.92,10.00,7.58,10.00,7.50,10.00,7.25,7.58,7.92,0.00,7.92,83.67,11 %,Green ,0 full defects,0 full defects,0,"September 3rd, 2021",NKG Quality Service (a division of Bernhard Rothfos Intercafé AG),"Bahnhofstrasse 22 6300 Zug, Switzerland ",Gloria Pedroza - +41417287296
Brazil,440,santa bárbara,59 kg,VJP-Q-2020-001,Brazil Specialty Coffee Association,copag varginha,2020 / 2021,002/164-3/0120,"October 27th, 2020",ed&f man volcafe brasil ltda.,ed&f man volcafe brasil ltda.,1020,Mundo Novo,monte carmelo's town - cerrado mineiro region,Completed,Múcio Cardoso,Natural / Dry,7.58,10.00,7.75,10.00,7.58,10.00,7.83,7.58,7.58,0.00,7.67,83.58,11 %,Green ,0 full defects,3 full defects,0,"October 27th, 2021",Brazil Specialty Coffee Association,"Rua Gaspar Batista Paiva, 416 – Santa Luiza
Varginha/MG – Brazil
",Chris Allen - 55 35 3212-4705
Brazil,300,fazenda serrado,60 kg,SC570/20,Brazil Specialty Coffee Association,dry mill,2020,00211451763,"November 23rd, 2020",olam agricola,welson de lacerda barbosa,1100,Catuai,carmo de minas,Completed,CAIO PEREIRA,Natural / Dry,7.67,10.00,7.75,10.00,7.58,10.00,7.50,7.67,7.83,0.00,7.58,83.58,11.5 %,Green ,0 full defects,0 full defects,0,"November 23rd, 2021",Brazil Specialty Coffee Association,"Rua Gaspar Batista Paiva, 416 – Santa Luiza
Varginha/MG – Brazil
",Chris Allen - 55 35 3212-4705
Kenya,170,various farms,60 kg,412410050,Kenya Coffee Traders Association,ckcm mill,2020,37/00045/10050,"January 13th, 2021",c. dorman limited,lydiah mwangi,1750,SL28,kenya,Completed,VARIOUS COOPERATIVES,Washed / Wet,7.83,10.00,7.58,10.00,7.58,10.00,7.75,7.58,7.67,0.00,7.58,83.58,11 %,Green ,0 full defects,6 full defects,0,"January 13th, 2022",Kenya Coffee Traders Association,"P.O. Box 646 00100Nairobi, Kenya",Benson Kibicho Kamau - +254 786 821 621
Honduras,260,beneficio santa rosa,69 kg,80,Instituto Hondureño del Café,beneficio,2021,13123077,"April 8th, 2021",beneficio santa rosa,beneficio santa rosa,1250,Catuai,copán,Completed,Beneficio Santa Rosa,Washed / Wet,7.75,10.00,7.75,10.00,7.58,10.00,7.67,7.67,7.67,0.00,7.50,83.58,10.4 %,Green ,0 full defects,9 full defects,1,"April 8th, 2022",Instituto Hondureño del Café,"Laboratorio de Control de Calidad de Café ( CNCC), 33 Calle, 1-2 Avenida, Sector El Cacao. San Pedro Sula, Cortes",Ramon Reyes - + 504 9693-9042
Uganda,290,n/a,60 kg,035/011/7094,Japan Coffee Exchange ,kyagalanyi coffee's namanve dry mill,2019,035/011/7094,"August 5th, 2020","volcafe limited, japan",volcafe japan,1700,SL28,rwenzori,Completed,Small Farmers in Rwenzori,Washed / Wet,7.75,10.00,7.67,10.00,7.50,10.00,7.75,7.75,7.58,0.00,7.58,83.58,12 %,Green ,0 full defects,4 full defects,1,"August 5th, 2021",Japan Coffee Exchange ,"〒413-0002 静岡県熱海市伊豆山１１７３−５８　　　　　　　　 1173-58 Izusan, Atami, Shizuoka, 413-0002  JAPAN",松澤　宏樹　Koju Matsuzawa - +81(0)9085642901
El Salvador,275,tuxpal ,69 kg,1,Salvadoran Coffee Council,tuxpal ,2019,09-392-97,"August 20th, 2020",consejo salvadoreño del café,consejo salvadoreño del café,1200,Bourbon,apaneca - ilamatepec,Completed,"Tejemet, S.A. de C.V. ",Washed / Wet,7.92,10.00,7.83,10.00,7.42,10.00,7.50,7.50,7.67,0.00,7.67,83.50,11 %,Green ,0 full defects,1 full defects,0,"August 20th, 2021",Salvadoran Coffee Council,"Final 1a. Av. Norte y 13 Calle Pte., dentro de las instalaciones del MAG",Tomas Bonilla - (503) 2505-6600
Rwanda,275,imena cws,60 kg,28/003/19031,Kenya Coffee Traders Association,coffee business center,2020,,"September 4th, 2020",coffee business center ltd,loic rwagasana,1800,Bourbon,"rusizi, gikundamvura",Completed,IMENA CWS,Washed / Wet,7.83,10.00,7.58,10.00,7.58,10.00,7.75,7.50,7.58,0.00,7.67,83.50,10 %,None ,0 full defects,9 full defects,11,"September 4th, 2021",Kenya Coffee Traders Association,"P.O. Box 646 00100Nairobi, Kenya",Benson Kibicho Kamau - +254 786 821 621
Guatemala,235,unex(guatemala),69 kg,11/23/439,Japan Coffee Exchange ,unex(guatemala),2020,11/23/439,"February 18th, 2021","nippon coffee trading co.,ltd.",yukinobu ueda,1400,Bourbon,oriente,Completed,Unex(Guatemala),Washed / Wet,7.75,10.00,7.67,10.00,7.58,10.00,7.58,7.58,7.67,0.00,7.58,83.42,11.5 %,greenish ,0 full defects,3 full defects,0,"February 18th, 2022",Japan Coffee Exchange ,"〒413-0002 静岡県熱海市伊豆山１１７３−５８　　　　　　　　 1173-58 Izusan, Atami, Shizuoka, 413-0002  JAPAN",松澤　宏樹　Koju Matsuzawa - +81(0)9085642901
Guatemala,275,la esperanza,69 kg,415000525,Asociacion Nacional Del Café,n/a,2020,11-63-1211,"July 31st, 2020","retrillas del pacifico, s. a.",byron gonzalez,1600,Bourbon,huehuetenango,Completed,FRANCISCO MORALES CARRILLO,Natural / Dry,7.58,10.00,7.83,10.00,7.50,10.00,7.75,7.67,7.50,0.00,7.58,83.42,10 %,Green ,0 full defects,5 full defects,0,"July 31st, 2021",Asociacion Nacional Del Café,"5a Calle 0-50, Zona 14
Guatemala City, Guatemala 1014",Brayan Cifuentes - 
Honduras,20,finca los angeles,69 kg,354,Instituto Hondureño del Café, proceso de despulpado y lavado y zarandas para secado,2020,13-154-86,"May 21st, 2020",coffee planet corporation s.a,janny marlith torres,1450,Catuai,"los cedros, francisco morazan",Completed,Ramon de Jesus Oliva,Washed / Wet,7.83,10.00,7.75,10.00,7.50,10.00,7.58,7.58,7.67,0.00,7.50,83.42,10 %,Green ,0 full defects,5 full defects,0,"May 21st, 2021",Instituto Hondureño del Café,"Laboratorio de Control de Calidad de Café ( CNCC), 33 Calle, 1-2 Avenida, Sector El Cacao. San Pedro Sula, Cortes",Ramon Reyes - + 504 9693-9042
Brazil,220,barra estate,30 kg,JE02,Brazil Specialty Coffee Association,hulling facility,2020,,"February 18th, 2021",volcano origin coffees,joao paulo bueno sanches,1000,Catuai,sul de minas gerais,Completed,José Edivaldo Gonçalves,Pulped natural / honey,7.58,10.00,7.50,10.00,7.58,10.00,7.75,7.75,7.50,0.00,7.67,83.33,11.5 %,Green ,0 full defects,5 full defects,0,"February 18th, 2022",Brazil Specialty Coffee Association,"Rua Gaspar Batista Paiva, 416 – Santa Luiza
Varginha/MG – Brazil
",Chris Allen - 55 35 3212-4705
Colombia,250,el prado,70 kg,3-59-1852,ASOCIACIÓN COLOMBIANA PARA LA EXCELENCIA DEL CAFE ,neiva,2021,3-59-1852,"April 7th, 2021",carcafe ltda,rodrigo amaya,1650,Caturra,huila,Completed,FRANKLIN DUSSAN,Washed / Wet,7.58,10.00,7.50,10.00,7.50,10.00,7.83,7.58,7.67,0.00,7.67,83.33,11.5 %,Green ,0 full defects,2 full defects,0,"April 7th, 2022",ASOCIACIÓN COLOMBIANA PARA LA EXCELENCIA DEL CAFE ,calle 70a #7-82 of. 602,Gabriela Salcedo  - 3186238650
Brazil,325,ibiraci regional,59 kg,43107002 - P8281,Brazil Specialty Coffee Association,dry mill,2020,002/4542/0512,"February 25th, 2021",bourbon specialty coffees,bourbon specialty coffees sa,1100,Other,ibiraci,Completed,IBIRACI REGIONALS,Natural / Dry,7.67,10.00,7.75,10.00,7.67,10.00,7.58,7.50,7.50,0.00,7.58,83.25,11.5 %,Bluish-Green ,0 full defects,3 full defects,1,"February 25th, 2022",Brazil Specialty Coffee Association,"Rua Gaspar Batista Paiva, 416 – Santa Luiza
Varginha/MG – Brazil
",Chris Allen - 55 35 3212-4705
Guatemala,150,finca beneficio el torreon,69 kg,11/23/267,Asociacion Nacional Del Café,beneficio ixchel,2020,11/23/267,"March 19th, 2021",asociación nacional del cafe,angelica paola citan lopez,1901.64,Bourbon,oriente,Completed,AGROINDUSTRIAS CAFETALERAS,Washed / Wet,7.58,10.00,7.75,10.00,7.50,10.00,7.58,7.58,7.67,0.00,7.58,83.25,10.3 %,Green ,0 full defects,4 full defects,1,"March 19th, 2022",Asociacion Nacional Del Café,"5a Calle 0-50, Zona 14
Guatemala City, Guatemala 1014",Brayan Cifuentes - 
Costa Rica,350,beneficio montañas del diamante,35 kg,10980-01,Specialty Coffee Association of Costa Rica,beneficio montañas del diamante,2021,5-0025-0079,"April 8th, 2021","ceca,s.a.","ceca, s.a.",1850,Caturra,tarrazu,Completed,Martin Gutierrez,Washed / Wet,7.75,10.00,7.42,10.00,7.42,10.00,7.75,7.50,7.75,0.00,7.67,83.25,9.9 %,Green ,0 full defects,2 full defects,2,"April 8th, 2022",Specialty Coffee Association of Costa Rica,"Blvd Rohrmoser, de Prisma Dental 200 norte y 25 oeste, casa 21",Noelia Villalobos - (506) 2220 0685
Guatemala,200,la burbuja,69 kg,415000445,Asociacion Nacional Del Café,n/a,2020,11-63-848,"July 20th, 2020","retrillas del pacifico, s. a. ",byron gonzalez,1500,Bourbon,huehuetenango,Completed,MARISA JUDITH HERRERA VILLATORO,Natural / Dry,7.50,10.00,7.83,10.00,7.42,10.00,7.58,7.67,7.58,0.00,7.67,83.25,10 %,Green ,0 full defects,8 full defects,2,"July 20th, 2021",Asociacion Nacional Del Café,"5a Calle 0-50, Zona 14
Guatemala City, Guatemala 1014",Brayan Cifuentes - 
Brazil,300,cafebras comercio de cafes,60 kg,CB - 598/20/A - B215/20,Brazil Specialty Coffee Association,dry mill,2019,OIC - 002/1495/1305,"April 24th, 2020",cafebras comércio de cafes do brasil,joão batista jarduli,900,Mundo Novo,cerrado,Completed,CAFEBRAS COMÉRCIO DE CAFES,Natural / Dry,7.42,10.00,7.67,10.00,7.58,10.00,7.67,7.58,7.75,0.00,7.58,83.25,12 %,Green ,0 full defects,2 full defects,0,"April 24th, 2021",Brazil Specialty Coffee Association,"Rua Gaspar Batista Paiva, 416 – Santa Luiza
Varginha/MG – Brazil
",Chris Allen - 55 35 3212-4705
Colombia,273,federación nacional de cafeteros de colombia,70 kg,3/01/12480,Japan Coffee Exchange ,federación nacional de cafeteros de colombia,2019,3/01/12480,"November 23rd, 2020","nippon coffee trading co.,ltd.",yukinobu ueda,1700,Caturra,huila,Completed,Federación Nacional de Cafeteros de Colombia,Washed / Wet,7.58,10.00,7.58,10.00,7.42,10.00,7.58,7.67,7.75,0.00,7.58,83.17,12 %,greenish ,0 full defects,0 full defects,0,"November 23rd, 2021",Japan Coffee Exchange ,"〒413-0002 静岡県熱海市伊豆山１１７３−５８　　　　　　　　 1173-58 Izusan, Atami, Shizuoka, 413-0002  JAPAN",松澤　宏樹　Koju Matsuzawa - +81(0)9085642901
Vietnam,1,apollo estate,2 kg,Apollo Honey 2020,Specialty Coffee Association ,dry mill,2020,,"March 19th, 2021","sunvirtue co., ltd.","sunvirtue co., ltd.",1040,Catimor,dalat,Completed,"Yeh, Li Chuan",Washed / Wet,7.58,10.00,7.50,10.00,7.42,10.00,7.67,7.58,7.67,0.00,7.75,83.17,11.9 %,Bluish-Green ,0 full defects,0 full defects,0,"March 19th, 2022",Specialty Coffee Association ,"117 W 4th St, Suite 300
Santa Ana, CA 92701

 ",Jessica Rodriguez - 562-999-3164
Guatemala,100,alta luz,69 kg,415000544,Asociacion Nacional Del Café,n/a,2020,11-63-1073,"July 20th, 2020","retrillas del pacifico, s. a.",byron gonzalez,1400,Bourbon,huehuetenango,Completed,MARIA DE LOS ANGELES PEREZ,Natural / Dry,7.58,10.00,7.83,10.00,7.42,10.00,7.58,7.67,7.50,0.00,7.58,83.17,10 %,Green ,0 full defects,5 full defects,1,"July 20th, 2021",Asociacion Nacional Del Café,"5a Calle 0-50, Zona 14
Guatemala City, Guatemala 1014",Brayan Cifuentes - 
Guatemala,200,la burbuja,69 kg,415000445,Asociacion Nacional Del Café,n/a,2020,13-63-848,"August 7th, 2020","retrillas del pacifico, s. a.",byron gonzalez,1800,Bourbon,huehuetenango,Completed,MARISA JUDITH HERRERA VILLATORO,Natural / Dry,7.50,10.00,7.67,10.00,7.50,10.00,7.50,7.83,7.58,0.00,7.58,83.17,11 %,Green ,0 full defects,4 full defects,0,"August 7th, 2021",Asociacion Nacional Del Café,"5a Calle 0-50, Zona 14
Guatemala City, Guatemala 1014",Brayan Cifuentes - 
Peru,275,n/a,69 kg,30/543/1188,Japan Coffee Exchange ,ed&f man volcafe peru's dry mill in jaen,2020,30/543/1188,"January 27th, 2021","volcafe limited, japan",volcafe japan,1200-1900,Caturra,huabal,Completed,various farmers,Washed / Wet,7.67,10.00,7.42,10.00,7.58,10.00,7.42,7.58,7.75,0.00,7.67,83.08,11.5 %,Green ,0 full defects,2 full defects,0,"January 27th, 2022",Japan Coffee Exchange ,"〒413-0002 静岡県熱海市伊豆山１１７３−５８　　　　　　　　 1173-58 Izusan, Atami, Shizuoka, 413-0002  JAPAN",松澤　宏樹　Koju Matsuzawa - +81(0)9085642901
Thailand,1,doi tung development project,2 kg,JAVA 62/63 (Coffea Arabica),Specialty Coffee Association ,dry mill,2020 / 2021,,"August 20th, 2020",doi tung development project,doi tung development project,1420,Java,thailand,Completed,Doi Tung Development Project,Pulped natural / honey,7.83,9.33,7.75,10.00,7.58,10.00,7.67,7.83,7.58,0.00,7.50,83.08,10 %,Green ,0 full defects,2 full defects,0,"August 20th, 2021",Specialty Coffee Association ,"117 W 4th St, Suite 300
Santa Ana, CA 92701

 ",Jessica Rodriguez - 562-999-3164
Brazil,20,cafebrascomercio de café,60 kg,CB 598/20 B - B0216/20,Brazil Specialty Coffee Association,dry mill,2019,OIC- 002/1495/1306,"April 24th, 2020",cafebras comércio de cafes do brasil,joão batista jarduli,900,Mundo Novo,cerrado ,Completed,CAFEBRAS COMERCIO DE CAFÉ,Natural / Dry,7.50,10.00,7.58,10.00,7.58,10.00,7.83,7.58,7.50,0.00,7.50,83.08,12 %,Green ,0 full defects,1 full defects,0,"April 24th, 2021",Brazil Specialty Coffee Association,"Rua Gaspar Batista Paiva, 416 – Santa Luiza
Varginha/MG – Brazil
",Chris Allen - 55 35 3212-4705
Costa Rica,300,beneficio montañas del diamante,35 kg,10481,Specialty Coffee Association of Costa Rica,beneficio montañas del diamante,2020,5-0025-0284,"September 18th, 2020","ceca,s.a.","ceca, s.a.",1850,Caturra,tarrazú,Completed,Martín Gutierrez,Washed / Wet,7.75,10.00,7.67,10.00,7.25,10.00,7.58,7.58,7.67,0.00,7.58,83.08,10 %,Green ,0 full defects,0 full defects,0,"September 18th, 2021",Specialty Coffee Association of Costa Rica,"Blvd Rohrmoser, de Prisma Dental 200 norte y 25 oeste, casa 21",Noelia Villalobos - (506) 2220 0685
Guatemala,275,las rosas,69 kg,415000557,Asociacion Nacional Del Café,n/a,2020,11-63-1257,"July 20th, 2020","retrillas del pacifico, s. a.",byron gonzalez,1500,Bourbon,huehuetenango,Completed,ROLANDO BELARMINO VILLATORO VILLATORO,Natural / Dry,7.58,10.00,7.75,10.00,7.25,10.00,7.58,7.67,7.50,0.00,7.58,82.92,10 %,Green ,0 full defects,7 full defects,1,"July 20th, 2021",Asociacion Nacional Del Café,"5a Calle 0-50, Zona 14
Guatemala City, Guatemala 1014",Brayan Cifuentes - 
Colombia,237, federación nacional de cafeteros de colombia,70 kg,3/01/15365,Japan Coffee Exchange , federación nacional de cafeteros de colombia,2019,3/01/15365,"December 28th, 2020","nippon coffee trading co.,ltd.",yukinobu ueda,1700,Caturra,huila,Completed, Federación Nacional de Cafeteros de Colombia,Washed / Wet,7.50,10.00,7.50,10.00,7.58,10.00,7.67,7.50,7.42,0.00,7.58,82.75,11.5 %,Green ,0 full defects,0 full defects,2,"December 28th, 2021",Japan Coffee Exchange ,"〒413-0002 静岡県熱海市伊豆山１１７３−５８　　　　　　　　 1173-58 Izusan, Atami, Shizuoka, 413-0002  JAPAN",松澤　宏樹　Koju Matsuzawa - +81(0)9085642901
Indonesia,300,"arsyad, budi",60 kg,#3609,Japan Coffee Exchange ,pt. royal pacific indah international,2020,,"March 26th, 2021","volcafe limited, japan",volcafe japan,1400,Mandheling,gayo / takengon,Completed,"Arsyad, Budi",Washed / Wet,7.58,10.00,7.42,10.00,7.50,10.00,7.58,7.50,7.50,0.00,7.67,82.75,11.9 %,Bluish-Green ,0 full defects,4 full defects,1,"March 26th, 2022",Japan Coffee Exchange ,"〒413-0002 静岡県熱海市伊豆山１１７３−５８　　　　　　　　 1173-58 Izusan, Atami, Shizuoka, 413-0002  JAPAN",松澤　宏樹　Koju Matsuzawa - +81(0)9085642901
Mexico,250,teresa,80 kg,682,Centro Agroecológico del Café A.C. ,exportadora de cafe california,2020,VER-bc-000199 B07-2A-C23,"March 23rd, 2021",exportadora café california,andreas kussmaul,1700,Caturra,chiapas villa corzo,Completed,various,Washed / Wet,7.75,10.00,7.58,10.00,7.33,10.00,7.58,7.50,7.50,0.00,7.50,82.75,12.3 %,Green ,0 full defects,9 full defects,0,"March 23rd, 2022",Centro Agroecológico del Café A.C. ,"Instituto de Ecología A. C., Campus III Edificio A Planta Baja Carretera Antigua a Coatepec No. 351 Col. El Haya C.P. 91070 Xalapa, Veracruz, México.",Stephany Escamilla Femat - Tel. +52 228 8421800 Ext. 3092
Guatemala,60,san jose del lago ,29 kg,11/15/54,Asociacion Nacional Del Café,san jose del lago ,2020,11/15/54,"April 20th, 2020","peter schoenfeld,s.a.",byron gonzalez,1547,Bourbon,atitlan ,Completed,"CAFETALERA PAQUIM,S.A.",Washed / Wet,7.50,10.00,7.75,10.00,7.42,10.00,7.50,7.58,7.50,0.00,7.50,82.75,10 %,Green ,0 full defects,6 full defects,1,"April 20th, 2021",Asociacion Nacional Del Café,"5a Calle 0-50, Zona 14
Guatemala City, Guatemala 1014",Brayan Cifuentes - 
Brazil,300,cafebrascomercio de cafés,60 kg,CB 830/20,Brazil Specialty Coffee Association,dry mill,2020,,"September 18th, 2020",cafebras comércio de cafes do brasil,joão batista jarduli,-900,Mundo Novo,cerrado mineiro,Completed,CAFRBRAS COMERCIO DE CAFÉS,Natural / Dry,7.58,10.00,7.50,10.00,7.00,10.00,7.83,7.67,7.67,0.00,7.50,82.75,11 %,Bluish-Green ,0 full defects,0 full defects,0,"September 18th, 2021",Brazil Specialty Coffee Association,"Rua Gaspar Batista Paiva, 416 – Santa Luiza
Varginha/MG – Brazil
",Chris Allen - 55 35 3212-4705
Brazil,327,group bsc,59 kg,43106613 - P-7968,Brazil Specialty Coffee Association,dry mill,2020 / 2021,002/4542/0044,"October 13th, 2020",bourbon specialty coffees,bourbon specialty coffees,1100,Other,mogiana,Completed,Group BSC,Natural / Dry,7.50,10.00,7.50,10.00,7.58,10.00,7.50,7.58,7.50,0.00,7.50,82.67,11.5 %,Bluish-Green ,0 full defects,5 full defects,2,"October 13th, 2021",Brazil Specialty Coffee Association,"Rua Gaspar Batista Paiva, 416 – Santa Luiza
Varginha/MG – Brazil
",Chris Allen - 55 35 3212-4705
Colombia,275, pitalito,70 kg,10058,Blossom Valley International宸嶧國際,pitalito,2020,,"January 21st, 2021",mr.brown cafe,mr.brown cafe,1574,Caturra,huila,Completed,ALMACAFE,Washed / Wet,7.50,10.00,7.58,10.00,7.42,10.00,7.67,7.58,7.42,0.00,7.50,82.67,10.5 %,Greenish  ,0 full defects,0 full defects,0,"January 21st, 2022",Blossom Valley International宸嶧國際,"No.72 Mo-Fan St. Taiwan 
Zip: 403
",Damon Chen陳嘉峻 - +886423022323 
Costa Rica,90,beneficio montañas del diamante,35 kg,11009-01,Specialty Coffee Association of Costa Rica,beneficio montañas del diamante,2021,5-0025-0080,"April 8th, 2021","ceca,s.a.","ceca, s.a.",1850,Caturra,tarrazu,Completed,Martin Gutierrez,Washed / Wet,7.67,10.00,7.58,10.00,7.25,10.00,7.67,7.58,7.33,0.00,7.58,82.67,9.9 %,Green ,0 full defects,5 full defects,1,"April 8th, 2022",Specialty Coffee Association of Costa Rica,"Blvd Rohrmoser, de Prisma Dental 200 norte y 25 oeste, casa 21",Noelia Villalobos - (506) 2220 0685
Guatemala,275,linda vista,69 kg,11-973-660,Asociacion Nacional Del Café,linda vista,2020,11-973-660,"May 20th, 2020","mercon guatemala, s. a.",byron gonzalez,1800,Catuai,santa rosa ,Completed,PABLO ARTURO CHUY FLORES,Washed / Wet,7.50,10.00,7.67,10.00,7.50,10.00,7.50,7.50,7.50,0.00,7.50,82.67,10 %,Green ,0 full defects,5 full defects,1,"May 20th, 2021",Asociacion Nacional Del Café,"5a Calle 0-50, Zona 14
Guatemala City, Guatemala 1014",Brayan Cifuentes - 
Honduras,92,la cuesta,30 kg,366,Instituto Hondureño del Café,dry mill,2019,13-111-208,"September 23rd, 2020",mercon honduras,juan manuel sanchez silvestre,1500,Catuai,san andres lempira,Completed,Bernardina SDanchez,Washed / Wet,7.75,10.00,7.58,10.00,7.33,10.00,7.50,7.50,7.50,0.00,7.42,82.58,10 %,Green ,0 full defects,2 full defects,0,"September 23rd, 2021",Instituto Hondureño del Café,"Laboratorio de Control de Calidad de Café ( CNCC), 33 Calle, 1-2 Avenida, Sector El Cacao. San Pedro Sula, Cortes",Ramon Reyes - + 504 9693-9042
Indonesia,320,"pondokbaru, benermeriah",60 kg,ptraas no.2,Specialty Coffee Association of Indonesia,"pondokbaru, benermeriah",2020,15/3515/57 & 15/3515/58,"June 22nd, 2020",pt rajawali artha agro sejahtera (ptraas),ptraas,1200,Mandheling,sumatra,Completed,PT. Rajawali Artha Agro Sejahtera,Washed / Wet,7.50,10.00,7.75,10.00,7.17,10.00,7.75,7.58,7.42,0.00,7.42,82.58,12 %,Green ,0 full defects,7 full defects,4,"June 22nd, 2021",Specialty Coffee Association of Indonesia,"Ministry of Agriculture Republic Indonesia, Build C 5th Floor wing B Room 515 . Jl. Harsono RM No. 3, Ragunan, South Jakarta, Jakarta
",Mahardini Farizki - 081284251303 / 085780031543
Mexico,275,finca ixhuatlan,69 kg,100,Centro Agroecológico del Café A.C. ,cafes tomari s.a de c.v.,2021,,"March 19th, 2021",centro agroecológico del café a. c.,cafes tomari sa de cv,1350,Bourbon,veracruz,Completed,CAFES TOMARI S.A DE C.V,Washed / Wet,7.75,10.00,7.58,10.00,7.25,10.00,7.58,7.42,7.50,0.00,7.50,82.58,11.6 %,Green ,0 full defects,1 full defects,0,"March 19th, 2022",Centro Agroecológico del Café A.C. ,"Instituto de Ecología A. C., Campus III Edificio A Planta Baja Carretera Antigua a Coatepec No. 351 Col. El Haya C.P. 91070 Xalapa, Veracruz, México.",Stephany Escamilla Femat - Tel. +52 228 8421800 Ext. 3092
Ecuador,250,various,69 kg,001 Sumitomo,ASOCIACIÓN COLOMBIANA PARA LA EXCELENCIA DEL CAFE ,agrogora ltda,2020,Q-081,"October 7th, 2020",agrogora lta &  asociación de cafés especiales del ecuador,wilson gonzalez ramos,1200,Other,"andes mountains (imbabura, loja, zamora)",Completed,Several Producers of the Region,Washed / Wet,7.58,10.00,7.92,10.00,7.25,10.00,7.33,7.42,7.58,0.00,7.42,82.50,10.5 %,Green ,0 full defects,1 full defects,0,"October 7th, 2021",ASOCIACIÓN COLOMBIANA PARA LA EXCELENCIA DEL CAFE ,calle 70a #7-82 of. 602,Gabriela Salcedo  - 3186238650
Brazil,300,cachoeira da grama ,59 kg,43106720 - K28761,Brazil Specialty Coffee Association,dry mill,2020 / 2021,002/4542/0108,"November 2nd, 2020",bourbon specialty coffees,bourbon specialty coffees,1100,Yellow Bourbon,sul de minas,Completed,GABRIEL DE CARVALHO DIAS,Pulped natural / honey,7.50,10.00,7.42,10.00,7.33,10.00,7.58,7.50,7.58,0.00,7.58,82.50,12 %,Green ,0 full defects,6 full defects,2,"November 2nd, 2021",Brazil Specialty Coffee Association,"Rua Gaspar Batista Paiva, 416 – Santa Luiza
Varginha/MG – Brazil
",Chris Allen - 55 35 3212-4705
Brazil,440,not specificated,60 kg,002/1738/0120,Japan Coffee Exchange ,dry mil of cocapil cooperative,2020 / 2021,,"December 7th, 2020",marubeni corporation,ikuto uehara,1200-1300,Other,alta mogiana,Completed,Cocapil cooperative,Natural / Dry,7.67,10.00,7.42,10.00,7.50,10.00,7.42,7.50,7.50,0.00,7.50,82.50,11.5 %,Yellow Green ,0 full defects,0 full defects,2,"December 7th, 2021",Japan Coffee Exchange ,"〒413-0002 静岡県熱海市伊豆山１１７３−５８　　　　　　　　 1173-58 Izusan, Atami, Shizuoka, 413-0002  JAPAN",松澤　宏樹　Koju Matsuzawa - +81(0)9085642901
Guatemala,275,not specificated,69 kg,11/63/311,Japan Coffee Exchange ,dry mill of exportcafe,2020,,"September 1st, 2020",marubeni corporation,ikuto uehara,1300-1800,Other,guatemala huehuetenango,Completed,"Exportcafe, S.A.",Washed / Wet,7.50,10.00,7.42,10.00,7.50,10.00,7.50,7.50,7.50,0.00,7.58,82.50,12 %,Green ,0 full defects,2 full defects,1,"September 1st, 2021",Japan Coffee Exchange ,"〒413-0002 静岡県熱海市伊豆山１１７３−５８　　　　　　　　 1173-58 Izusan, Atami, Shizuoka, 413-0002  JAPAN",松澤　宏樹　Koju Matsuzawa - +81(0)9085642901
Myanmar,300,mandalay coffee group,40 kg,YN/MX/DF/1920 - Sugihara,Blossom Valley International宸嶧國際,mandalay coffee group,2020,,"May 14th, 2020",mandalay coffee group,mandalay coffee group,1100,Catuai,"ywangan, shan state, myanmar",Completed,Ywangan small farmers,Washed / Wet,7.58,10.00,7.58,10.00,7.25,10.00,7.58,7.50,7.42,0.00,7.58,82.50,10 %,Bluish-Green ,0 full defects,0 full defects,0,"May 14th, 2021",Blossom Valley International宸嶧國際,"No.72 Mo-Fan St. Taiwan 
Zip: 403
",Damon Chen陳嘉峻 - +886423022323 
Guatemala,250,finca medina,69 kg,11/11711/77,Asociacion Nacional Del Café,finca medina,2020,11/11711/77,"May 21st, 2020","siembras visión, s. a.",byron gonzalez,1650,Caturra,antigua,Completed,"SIEMBRAS VISIÓN, S. A.",Washed / Wet,7.50,10.00,7.50,10.00,7.33,10.00,7.50,7.42,7.58,0.00,7.50,82.33,10 %,Green ,0 full defects,5 full defects,1,"May 21st, 2021",Asociacion Nacional Del Café,"5a Calle 0-50, Zona 14
Guatemala City, Guatemala 1014",Brayan Cifuentes - 
Nicaragua,280,finca aurora ,69 kg,1,Blossom Valley International宸嶧國際,beneficio - finca aurora ,2020 / 2021,,"November 7th, 2020",mr.brown cafe,mr.brown cafe,1200,Caturra,"matagalpa, nicaragua",Completed,Enrique Ferrufino,Washed / Wet,7.58,10.00,7.50,10.00,7.33,10.00,7.67,7.50,7.25,0.00,7.50,82.33,10.5 %,yellow-green ,0 full defects,0 full defects,0,"November 7th, 2021",Blossom Valley International宸嶧國際,"No.72 Mo-Fan St. Taiwan 
Zip: 403
",Damon Chen陳嘉峻 - +886423022323 
Brazil,1280,fazenda cachoeira,76800 kg,S012895-2,Brazil Specialty Coffee Association,dry mill,2020,002/1145/1175,"January 20th, 2021",olam agricola,welson de lacerda barbosa,1150,Catuai,cerrado,Completed,Danilo Barbosa,Natural / Dry,7.50,10.00,7.42,10.00,7.25,10.00,7.50,7.50,7.67,0.00,7.50,82.33,11.5 %,Green ,0 full defects,4 full defects,0,"January 20th, 2022",Brazil Specialty Coffee Association,"Rua Gaspar Batista Paiva, 416 – Santa Luiza
Varginha/MG – Brazil
",Chris Allen - 55 35 3212-4705
Mexico,275,finca trianon,69 kg,101,Centro Agroecológico del Café A.C. ,dry mill,2020,,"April 2nd, 2021",café don justo,roman ferraez,1350,Bourbon,veracruz,Completed,Café Don Justo,Washed / Wet,7.50,10.00,7.58,10.00,7.25,10.00,7.50,7.58,7.50,0.00,7.33,82.25,11.3 %,Green ,0 full defects,1 full defects,0,"April 2nd, 2022",Centro Agroecológico del Café A.C. ,"Instituto de Ecología A. C., Campus III Edificio A Planta Baja Carretera Antigua a Coatepec No. 351 Col. El Haya C.P. 91070 Xalapa, Veracruz, México.",Stephany Escamilla Femat - Tel. +52 228 8421800 Ext. 3092
Brazil,300,cafebras comercio de cafes do brasil s/a,300 kg,CB830/20,Brazil Specialty Coffee Association,dry,2020 / 2021,,"September 15th, 2020",cafebras comércio de cafes do brasil,joão batista jarduli,1.100,Mundo Novo,cerrado ,Completed,CAFEBRAS COMERCIO DE CAFÉS  DO BRASIL S/A,Natural / Dry,7.33,10.00,7.42,10.00,7.08,10.00,7.92,7.50,7.50,0.00,7.50,82.25,11 %,Bluish-Green ,1 full defects,15 full defects,1,"September 15th, 2021",Brazil Specialty Coffee Association,"Rua Gaspar Batista Paiva, 416 – Santa Luiza
Varginha/MG – Brazil
",Chris Allen - 55 35 3212-4705
Guatemala,25,finca aurora,69 kg,11/993/06,Asociacion Nacional Del Café,finca aurora,2020,11/993/06,"May 26th, 2020","cepa centroamerica, s. a.",byron gonzalez,1450,Caturra,cobán alta verapaz,Completed,"POLA, S. A.",Washed / Wet,7.42,10.00,7.50,10.00,7.25,10.00,7.50,7.50,7.50,0.00,7.50,82.17,10 %,Green ,0 full defects,2 full defects,1,"May 26th, 2021",Asociacion Nacional Del Café,"5a Calle 0-50, Zona 14
Guatemala City, Guatemala 1014",Brayan Cifuentes - 
Guatemala,186,unex(guatemala),69 kg,11/23/765,Japan Coffee Exchange ,unex(guatemala),2019,11/23/765,"December 28th, 2020","niponn coffee trading co.,ltd.",yukinobu ueda,1400,Bourbon,oriente,Completed,Unex(Guatemala),Washed / Wet,7.50,10.00,7.50,10.00,7.33,10.00,7.42,7.50,7.50,0.00,7.42,82.17,12 %,Bluish-Green ,0 full defects,2 full defects,1,"December 28th, 2021",Japan Coffee Exchange ,"〒413-0002 静岡県熱海市伊豆山１１７３−５８　　　　　　　　 1173-58 Izusan, Atami, Shizuoka, 413-0002  JAPAN",松澤　宏樹　Koju Matsuzawa - +81(0)9085642901
Guatemala,206,unex(guatemala),69 kg,11/23/05,Japan Coffee Exchange ,unex(guatemala),2020,11/23/05,"February 18th, 2021","nippon coffee trading co.,ltd.",yukinobu ueda,1400,Bourbon,oriente,Completed,Unex(Guatemala),Washed / Wet,7.58,10.00,7.50,10.00,7.33,10.00,7.50,7.50,7.33,0.00,7.42,82.17,11.5 %,greenish ,0 full defects,3 full defects,2,"February 18th, 2022",Japan Coffee Exchange ,"〒413-0002 静岡県熱海市伊豆山１１７３−５８　　　　　　　　 1173-58 Izusan, Atami, Shizuoka, 413-0002  JAPAN",松澤　宏樹　Koju Matsuzawa - +81(0)9085642901
Costa Rica,275,hacienda san ignacio,18975 kg,HACIENDA SAN IGNACIO,Specialty Coffee Association of Costa Rica,la giorgia,2020 / 2021,5-019-0023,"December 8th, 2020",grupo ecom,ruddy azofeifa,1200,Caturra,central valley,Completed,HACIENDA SAN IGNACIO,Washed / Wet,7.42,10.00,7.42,10.00,7.25,10.00,7.42,7.42,7.58,0.00,7.58,82.08,10 %,Blue-Green ,0 full defects,3 full defects,0,"December 8th, 2021",Specialty Coffee Association of Costa Rica,"Blvd Rohrmoser, de Prisma Dental 200 norte y 25 oeste, casa 21",Noelia Villalobos - (506) 2220 0685
Guatemala,275,maria isabel,69 kg,11/23/560,Japan Coffee Exchange ,rio colorado,2019,11/23/560,"October 27th, 2020","tokyo allied coffee roasters co.,ltd.",takanori suzuki,1600,Bourbon,fraijanes,Completed,UNEX,Washed / Wet,7.67,10.00,7.50,10.00,7.33,10.00,7.42,7.42,7.33,0.00,7.42,82.08,12 %,Green ,0 full defects,4 full defects,1,"October 27th, 2021",Japan Coffee Exchange ,"〒413-0002 静岡県熱海市伊豆山１１７３−５８　　　　　　　　 1173-58 Izusan, Atami, Shizuoka, 413-0002  JAPAN",松澤　宏樹　Koju Matsuzawa - +81(0)9085642901
Vietnam,1,apollo estate,2 kg,Apollo Washed (2) 2020,Specialty Coffee Association ,dry mill,2020,,"April 8th, 2021","sunvirtue co., ltd.","sunvirtue co., ltd.",1040,Catimor,dalat,Completed,"Yeh, Li Chuan",Washed / Wet,7.42,10.00,7.33,10.00,7.25,10.00,7.67,7.25,7.75,0.00,7.33,82.00,9.3 %,Green ,0 full defects,1 full defects,0,"April 8th, 2022",Specialty Coffee Association ,"117 W 4th St, Suite 300
Santa Ana, CA 92701

 ",Jessica Rodriguez - 562-999-3164
El Salvador,250,agua caliente ,69 kg,1-13,Salvadoran Coffee Council,agua caliente ,2021,09/392/68,"March 26th, 2021",consejo salvadoreño del café,consejo salvadoreño del café,1200,Bourbon,apaneca-ilamatepec,Completed,"J.J. Borja Nathan, S.A. de C.V. ",Washed / Wet,7.17,10.00,7.50,10.00,7.00,10.00,7.50,7.50,7.67,0.00,7.67,82.00,0 %,Bluish-Green ,0 full defects,2 full defects,5,"March 26th, 2022",Salvadoran Coffee Council,"Final 1a. Av. Norte y 13 Calle Pte., dentro de las instalaciones del MAG",Tomas Bonilla - (503) 2505-6600
Taiwan,2,十萬咖啡（shin wan café),50 kg,2020臺南市精品咖啡評鑑批次 ,NKG Quality Service (a division of Bernhard Rothfos Intercafé AG),十萬咖啡（shin wan café),2020,,"September 1st, 2020",tcl 台灣咖啡研究室,"lin, che-hao krude 林哲豪",680,Gesha,"dongshan dist., tainan city",Completed,陳英俊 (Chen Ying Jun),Pulped natural / honey,7.50,10.00,7.50,10.00,7.42,10.00,7.17,7.42,7.58,0.00,7.42,82.00,13 %,None ,0 full defects,1 full defects,0,"September 1st, 2021",NKG Quality Service (a division of Bernhard Rothfos Intercafé AG),"Bahnhofstrasse 22 6300 Zug, Switzerland ",Gloria Pedroza - +41417287296
Mexico,275,finca pluma hidalgo,69 kg,017,Centro Agroecológico del Café A.C. ,cosecha bienestar sapi sa de cv,2019,,"August 17th, 2020",centro agroecológico del café a. c.,cosecha bienestar sapi de cv,1300,Typica,mexico,Completed,COSECHA BIENESTAR SAPI DE CV,Washed / Wet,7.50,10.00,7.50,10.00,7.25,10.00,7.42,7.58,7.33,0.00,7.33,81.92,11 %,Green ,0 full defects,0 full defects,0,"August 17th, 2021",Centro Agroecológico del Café A.C. ,"Instituto de Ecología A. C., Campus III Edificio A Planta Baja Carretera Antigua a Coatepec No. 351 Col. El Haya C.P. 91070 Xalapa, Veracruz, México.",Stephany Escamilla Femat - Tel. +52 228 8421800 Ext. 3092
Guatemala,250,unex(guatemala),69 kg,11/23/42,Japan Coffee Exchange ,unex(guatemala),2019,11/23/42,"November 23rd, 2020","nippon coffee trading co.,ltd",yukinobu ueda,1400,Bourbon,oriente,Completed,Unex(Guatemala),Washed / Wet,7.42,10.00,7.42,10.00,7.50,10.00,7.42,7.42,7.33,0.00,7.33,81.83,12 %,greenish ,0 full defects,1 full defects,0,"November 23rd, 2021",Japan Coffee Exchange ,"〒413-0002 静岡県熱海市伊豆山１１７３−５８　　　　　　　　 1173-58 Izusan, Atami, Shizuoka, 413-0002  JAPAN",松澤　宏樹　Koju Matsuzawa - +81(0)9085642901
Brazil,430,not specificated,60 kg,002/1738/0121,Japan Coffee Exchange ,dry mil of cocapil cooperative,2020 / 2021,002/1738/0121,"October 27th, 2020",marubeni corporation,ikuto uehara,1200-1300,Other,alta mogiana,Completed,Cocapil cooperative,Natural / Dry,7.58,10.00,7.25,10.00,7.33,10.00,7.42,7.42,7.42,0.00,7.33,81.75,11.5 %,Green ,0 full defects,2 full defects,2,"October 27th, 2021",Japan Coffee Exchange ,"〒413-0002 静岡県熱海市伊豆山１１７３−５８　　　　　　　　 1173-58 Izusan, Atami, Shizuoka, 413-0002  JAPAN",松澤　宏樹　Koju Matsuzawa - +81(0)9085642901
Taiwan,20,御香咖啡園  (yuxiang coffee garden),50 kg,2020 臺南市精品咖啡評鑑批次,NKG Quality Service (a division of Bernhard Rothfos Intercafé AG),御香咖啡園  (yuxiang coffee garden),2019,,"September 1st, 2020",tcl 台灣咖啡研究室,"lin, che-hao krude 林哲豪",650,Other,"dongshan dist., tainan city",Completed,"陳建源  (CHEN, CHIEN-YUAN)",Washed / Wet,7.33,10.00,7.50,10.00,7.25,10.00,7.25,7.33,7.75,0.00,7.33,81.75,11 %,Bluish-Green ,0 full defects,0 full defects,0,"September 1st, 2021",NKG Quality Service (a division of Bernhard Rothfos Intercafé AG),"Bahnhofstrasse 22 6300 Zug, Switzerland ",Gloria Pedroza - +41417287296
Indonesia,320,"pondokbaru, benermeriah",60 kg,ptraas no.2,Specialty Coffee Association of Indonesia,"pondokbaru, benermeriah",2020,15/3515/57 & 15/3515/58,"September 29th, 2020",pt rajawali artha agro sejahtera (ptraas),ptraas,1200,Mandheling,sumatra,Completed,PT. Rajawali Artha Agro Sejahtera,Washed / Wet,7.42,10.00,7.33,10.00,7.42,10.00,7.42,7.33,7.33,0.00,7.42,81.67,12 %,Green ,0 full defects,4 full defects,3,"September 29th, 2021",Specialty Coffee Association of Indonesia,"Ministry of Agriculture Republic Indonesia, Build C 5th Floor wing B Room 515 . Jl. Harsono RM No. 3, Ragunan, South Jakarta, Jakarta
",Mahardini Farizki - 081284251303 / 085780031543
Honduras,275,las cuchillas,69 kg,320,Instituto Hondureño del Café,dry mill,2020,13-111-195,"June 2nd, 2020",mercon honduras,juan manuel sanchez silvestre,1500,Catuai,comayagua,Completed,Fausto Nahun Maldonado,Washed / Wet,7.58,10.00,7.50,10.00,7.17,10.00,7.25,7.42,7.33,0.00,7.42,81.67,11 %,Green ,0 full defects,4 full defects,0,"June 2nd, 2021",Instituto Hondureño del Café,"Laboratorio de Control de Calidad de Café ( CNCC), 33 Calle, 1-2 Avenida, Sector El Cacao. San Pedro Sula, Cortes",Ramon Reyes - + 504 9693-9042
Honduras,150,el ejido,69 kg,353,Instituto Hondureño del Café,"desculpado, lavado y secado en secadoras solares",2020,13-154-185,"May 21st, 2020",coffee planet corporation s.a,janny marlith torres,1600,Catuai,copan,Completed,Origenes Coffee Plantation,Washed / Wet,7.58,10.00,7.42,10.00,7.25,10.00,7.33,7.42,7.42,0.00,7.25,81.67,10 %,Green ,0 full defects,2 full defects,0,"May 21st, 2021",Instituto Hondureño del Café,"Laboratorio de Control de Calidad de Café ( CNCC), 33 Calle, 1-2 Avenida, Sector El Cacao. San Pedro Sula, Cortes",Ramon Reyes - + 504 9693-9042
Brazil,320,fazenda bom jardim,60 kg,1,Blossom Valley International宸嶧國際,dry mill,2019,,"November 7th, 2020",mr.brown cafe,mr.brown cafe,1100,Bourbon,"minas gerais state, cerrado region",Completed,Lucas V. Nascimento,Natural / Dry,7.33,10.00,7.33,10.00,7.33,10.00,7.25,7.42,7.58,0.00,7.33,81.58,10.5 %,greenish ,0 full defects,0 full defects,0,"November 7th, 2021",Blossom Valley International宸嶧國際,"No.72 Mo-Fan St. Taiwan 
Zip: 403
",Damon Chen陳嘉峻 - +886423022323 
Guatemala,275,linda vista,69 kg,11-973-1040,Asociacion Nacional Del Café,linda vista,2020,11-973-1040,"September 9th, 2020","mercon guatemala, s. a.",angelica paola citan lopez,1800,Catuai,santa rosa,Completed,PABLO ARTURO CHUY FLORES,Natural / Dry,7.25,10.00,7.42,10.00,7.17,10.00,7.58,7.33,7.33,0.00,7.42,81.50,10 %,Green ,0 full defects,9 full defects,3,"September 9th, 2021",Asociacion Nacional Del Café,"5a Calle 0-50, Zona 14
Guatemala City, Guatemala 1014",Brayan Cifuentes - 
El Salvador,275,tres volcanes ,69 kg,6,Salvadoran Coffee Council,acpa. ataisi de r.l. ,2019,9,"May 19th, 2020",consejo salvadoreño del café,consejo salvadoreño del café,1400,Bourbon,apaneca - ilamatepec,Completed,ACPA. ATAISI DE R.L. ,Washed / Wet,7.25,10.00,7.58,10.00,7.33,10.00,7.42,7.25,7.25,0.00,7.33,81.42,0 %,Bluish-Green ,0 full defects,2 full defects,3,"May 19th, 2021",Salvadoran Coffee Council,"Final 1a. Av. Norte y 13 Calle Pte., dentro de las instalaciones del MAG",Tomas Bonilla - (503) 2505-6600
Colombia,375,various farms,70 kg,3/37/03931,Japan Coffee Exchange ,dry mill,2019,3/37/03931,"October 27th, 2020",marubeni corporation,ikuto uehara,"1,200-1,900",Other,mainly middle of colombia,Completed,racafe,Washed / Wet,7.42,10.00,7.25,10.00,7.33,10.00,7.25,7.33,7.33,0.00,7.42,81.33,12 %,Green ,0 full defects,8 full defects,3,"October 27th, 2021",Japan Coffee Exchange ,"〒413-0002 静岡県熱海市伊豆山１１７３−５８　　　　　　　　 1173-58 Izusan, Atami, Shizuoka, 413-0002  JAPAN",松澤　宏樹　Koju Matsuzawa - +81(0)9085642901
Guatemala,100,beneficio el torreon,69 kg,11/23/473,Asociacion Nacional Del Café,beneficio ixchel,2020,11/23/473,"April 21st, 2020","unex (guatemala), s. a.",byron gonzalez,1901.64,Bourbon,oriente,Completed,AGROINDUSTRIAS CAFETALERAS,Washed / Wet,7.42,10.00,7.50,10.00,7.17,10.00,7.42,7.25,7.25,0.00,7.33,81.33,9 %,Green ,0 full defects,4 full defects,2,"April 21st, 2021",Asociacion Nacional Del Café,"5a Calle 0-50, Zona 14
Guatemala City, Guatemala 1014",Brayan Cifuentes - 
Honduras,282,not specificated,69 kg,13/186/046,Japan Coffee Exchange ,dry mill of safracafe,2020,13/186/046,"October 27th, 2020",marubeni corporation,ikuto uehara,1200-1500,Other,honduras copan,Completed,Aprocafesca,Washed / Wet,7.50,10.00,7.33,10.00,7.25,10.00,7.33,7.33,7.25,0.00,7.25,81.25,12 %,Green ,0 full defects,0 full defects,2,"October 27th, 2021",Japan Coffee Exchange ,"〒413-0002 静岡県熱海市伊豆山１１７３−５８　　　　　　　　 1173-58 Izusan, Atami, Shizuoka, 413-0002  JAPAN",松澤　宏樹　Koju Matsuzawa - +81(0)9085642901
Honduras,275,cluster beneficio santa rosa,69 kg,24,Instituto Hondureño del Café,beneficio santa rosa,2021,13123033,"February 23rd, 2021",beneficio santa rosa,beneficio santa rosa,1250,Catuai,copan,Completed,Beneficio Santa Rosa,Washed / Wet,7.50,10.00,7.33,10.00,7.17,10.00,7.17,7.33,7.42,0.00,7.33,81.25,10.6 %,Green ,0 full defects,1 full defects,1,"February 23rd, 2022",Instituto Hondureño del Café,"Laboratorio de Control de Calidad de Café ( CNCC), 33 Calle, 1-2 Avenida, Sector El Cacao. San Pedro Sula, Cortes",Ramon Reyes - + 504 9693-9042
Indonesia,320,"pondokbaru, benermeriah",60 kg,ptraas no.2,Specialty Coffee Association of Indonesia,"pondokbaru, benermeriah",2020,15/3515/57 & 15/3515/58,"July 20th, 2020",pt rajawali artha agro sejahtera (ptraas),ptraas,1200,Mandheling,sumatra,Completed,PT. Rajawali Artha Agro Sejahtera,Washed / Wet,7.33,10.00,7.33,10.00,7.17,10.00,7.50,7.25,7.42,0.00,7.08,81.08,12 %,Green ,0 full defects,4 full defects,8,"July 20th, 2021",Specialty Coffee Association of Indonesia,"Ministry of Agriculture Republic Indonesia, Build C 5th Floor wing B Room 515 . Jl. Harsono RM No. 3, Ragunan, South Jakarta, Jakarta
",Mahardini Farizki - 081284251303 / 085780031543
Honduras,275,cerro negro ,69 kg,2668,Instituto Hondureño del Café,seco,2019,13-108-1054,"July 9th, 2020",compañia hondureña del café s.a. de c.v.,compañia hondureña del cafe s.a de c.v. ,1400,Catimor,"zona de santa marta, municipio de san marcos, departamento de ocotepeque, honduras",Completed,Feliciano Rivera,Washed / Wet,7.50,10.00,7.33,10.00,7.08,10.00,7.17,7.17,7.50,0.00,7.25,81.00,10 %,Green ,0 full defects,5 full defects,0,"July 9th, 2021",Instituto Hondureño del Café,"Laboratorio de Control de Calidad de Café ( CNCC), 33 Calle, 1-2 Avenida, Sector El Cacao. San Pedro Sula, Cortes",Ramon Reyes - + 504 9693-9042
Costa Rica,275,hacienda san ignacio,18975 kg,HACIENDA SAN IGNACIO,Specialty Coffee Association of Costa Rica,la giorgia,2020 / 2021,N/A,"November 30th, 2020",cafetalera  internacional cafinter s.a,ruddy azofeifa,1200,Caturra,central valley,Completed,HACIENDA SAN IGNACIO,Washed / Wet,7.58,10.00,7.25,10.00,7.08,10.00,7.42,7.17,7.17,0.00,7.33,81.00,11 %,Green ,0 full defects,5 full defects,18,"November 30th, 2021",Specialty Coffee Association of Costa Rica,"Blvd Rohrmoser, de Prisma Dental 200 norte y 25 oeste, casa 21",Noelia Villalobos - (506) 2220 0685
Nicaragua,165,mercon coffee group cisa,69 kg,017/001/623-1663,Japan Coffee Exchange ,mercon coffee group cisa,2019,017/001/623-1663,"October 27th, 2020",ncc,yukinobu ueda,1300,Catuai,matagalpa,Completed,Mercon Coffee Group CISA,Washed / Wet,7.33,10.00,7.25,10.00,7.25,10.00,7.25,7.25,7.25,0.00,7.25,80.83,12 %,Green ,0 full defects,0 full defects,2,"October 27th, 2021",Japan Coffee Exchange ,"〒413-0002 静岡県熱海市伊豆山１１７３−５８　　　　　　　　 1173-58 Izusan, Atami, Shizuoka, 413-0002  JAPAN",松澤　宏樹　Koju Matsuzawa - +81(0)9085642901
Nicaragua,275,aldea global,69 kg,P48161,Asociación de Cafés Especiales de Nicaragua ,aldea coffee,2020,017/191/1841,"July 14th, 2020",asociación aldea global jinotega,asociación aldea global jinotega,1100,SHG,matagalpa,Completed,Aldea Global,Washed / Wet,7.33,10.00,7.17,10.00,6.83,10.00,7.25,7.33,7.50,0.00,7.33,80.75,12 %,Green ,3 full defects,12 full defects,2,"July 14th, 2021",Asociación de Cafés Especiales de Nicaragua ,"Del Hotel Seminole 2 C al lago, 1 C arriba.",Maria Ines Benavidez Toval - 011-(505)-8396 4717
El Salvador,275,tuxpal ,69 kg,1,Salvadoran Coffee Council,tuxpal ,2019,09-392-97,"July 17th, 2020",consejo salvadoreño del café,consejo salvadoreño del café,1200,Bourbon,apaneca-ilamatepec,Completed,"Tejemet, S.A. de C.V. ",Washed / Wet,7.08,10.00,7.08,10.00,7.00,10.00,7.42,7.33,7.42,0.00,7.33,80.67,0 %,Green ,0 full defects,6 full defects,1,"July 17th, 2021",Salvadoran Coffee Council,"Final 1a. Av. Norte y 13 Calle Pte., dentro de las instalaciones del MAG",Tomas Bonilla - (503) 2505-6600
Vietnam,1,apollo estate,2 kg,Apollo Honey (2) 2020,Specialty Coffee Association ,dry mill,2020,,"April 1st, 2021","sunvirtue co., ltd.","sunvirtue co., ltd.",1040,Catimor,dalat,Completed,"Yeh, Li Chuan",Washed / Wet,6.92,10.00,7.67,10.00,6.50,10.00,7.08,7.58,7.17,0.00,7.50,80.42,10.2 %,Bluish-Green ,0 full defects,0 full defects,0,"April 1st, 2022",Specialty Coffee Association ,"117 W 4th St, Suite 300
Santa Ana, CA 92701

 ",Jessica Rodriguez - 562-999-3164
Guatemala,275,cascajal farm,69 kg,1,Blossom Valley International宸嶧國際,scl mill,2020,,"January 21st, 2021",mr.brown cafe,mr.brown cafe,1300-1800,Other,guatemala oriente,Completed,Amado Palencia,Washed / Wet,7.17,10.00,7.33,10.00,7.08,10.00,7.25,7.25,7.17,0.00,7.17,80.42,11.5 %,Green ,0 full defects,0 full defects,0,"January 21st, 2022",Blossom Valley International宸嶧國際,"No.72 Mo-Fan St. Taiwan 
Zip: 403
",Damon Chen陳嘉峻 - +886423022323 
Brazil,320,alto cafezal,60 kg,1585841,NKG Quality Service (a division of Bernhard Rothfos Intercafé AG),wolthers,2019,002/4317/0084,"November 4th, 2020",nestle nespresso sa,alexis rodriguez,1400,Catuai,cerrado,Completed,Alto Cafezal,Natural / Dry,7.08,10.00,7.08,10.00,7.25,10.00,7.42,7.00,7.42,0.00,6.92,80.17,11 %,Yellow-Green - Natural coffee ,0 full defects,4 full defects,2,"November 4th, 2021",NKG Quality Service (a division of Bernhard Rothfos Intercafé AG),"Bahnhofstrasse 22 6300 Zug, Switzerland ",Gloria Pedroza - +41417287296
Taiwan,5,175 coffee,50 kg,2020 臺南市精品咖啡評鑑批次,NKG Quality Service (a division of Bernhard Rothfos Intercafé AG),175 coffee,2019,,"September 1st, 2020",tcl 台灣咖啡研究室,"lin, che-hao krude 林哲豪",650,Other,"dongshan dist., tainan city",Completed,賴東卿 (Don-chin-Lai),Washed / Wet,7.33,10.00,7.17,10.00,6.92,10.00,6.92,7.00,7.33,0.00,7.42,80.08,11 %,Bluish-Green ,0 full defects,0 full defects,0,"September 1st, 2021",NKG Quality Service (a division of Bernhard Rothfos Intercafé AG),"Bahnhofstrasse 22 6300 Zug, Switzerland ",Gloria Pedroza - +41417287296
Indonesia,320,"pondokbaru, benermeriah",60 kg,ptraas no.2,Specialty Coffee Association of Indonesia,"pondokbaru, benermeriah",2020,15/3515/57 & 15/3515/58,"August 19th, 2020",pt rajawali artha agro sejahtera (ptraas),ptraas,1200,Mandheling,sumatra,Completed,PT. Rajawali Artha Agro Sejahtera,Washed / Wet,7.25,10.00,7.42,10.00,7.00,10.00,7.08,7.08,7.17,0.00,7.08,80.08,13 %,Green ,0 full defects,1 full defects,5,"August 19th, 2021",Specialty Coffee Association of Indonesia,"Ministry of Agriculture Republic Indonesia, Build C 5th Floor wing B Room 515 . Jl. Harsono RM No. 3, Ragunan, South Jakarta, Jakarta
",Mahardini Farizki - 081284251303 / 085780031543
Brazil,320,n/a,60 kg,1593771,NKG Quality Service (a division of Bernhard Rothfos Intercafé AG),ecom,2019,002-1352-0196,"October 30th, 2020",nestle nespresso sa,alexis rodriguez,1300,Bourbon,cerrado,Completed,n/a,Pulped natural / honey,7.42,10.00,7.17,10.00,7.25,10.00,7.17,7.00,7.08,0.00,6.92,80.00,11 %,Yellow-Green - Natural coffee ,0 full defects,3 full defects,0,"October 30th, 2021",NKG Quality Service (a division of Bernhard Rothfos Intercafé AG),"Bahnhofstrasse 22 6300 Zug, Switzerland ",Gloria Pedroza - +41417287296
Guatemala,275,linda vista,69 kg,11-973-1040,Asociacion Nacional Del Café,húmedo,2020,11-973-1040,"August 21st, 2020","mercon guatemala, s. a.",byron gonzalez,1800,Catuai,santa rosa,Completed,PABLO ARTURO CHUY FLORES,Natural / Dry,7.00,10.00,7.08,10.00,7.00,10.00,7.17,7.08,7.25,0.00,7.00,79.58,11 %,Green ,0 full defects,5 full defects,1,"August 21st, 2021",Asociacion Nacional Del Café,"5a Calle 0-50, Zona 14
Guatemala City, Guatemala 1014",Brayan Cifuentes - 
Guatemala,275,n/a,69 kg,1593771,NKG Quality Service (a division of Bernhard Rothfos Intercafé AG),exportcafe - ecom,2019,011-063-1333,"November 4th, 2020",nestle nespresso sa,alexis rodriguez,1798,Other,huehuetenango,Completed,Agua Santa,Washed / Wet,7.50,9.33,7.42,9.33,7.33,9.33,7.58,7.67,7.58,-1.33,7.75,79.50,12 %,Green ,1 full defects,7 full defects,3,"November 4th, 2021",NKG Quality Service (a division of Bernhard Rothfos Intercafé AG),"Bahnhofstrasse 22 6300 Zug, Switzerland ",Gloria Pedroza - +41417287296
Nicaragua,271,aldea global,69 kg,P48161,Asociación de Cafés Especiales de Nicaragua ,aldea coffee,2020,017/191/1841,"June 26th, 2020",asociación aldea global jinotega,asociación aldea global jinotega,1100,SHG,matagalpa,Completed,Aldea Global,Washed / Wet,7.17,10.00,6.67,10.00,6.42,10.00,7.08,6.92,7.17,0.00,6.92,78.33,13 %,Green ,0 full defects,1 full defects,0,"June 26th, 2021",Asociación de Cafés Especiales de Nicaragua ,"Del Hotel Seminole 2 C al lago, 1 C arriba.",Maria Ines Benavidez Toval - 011-(505)-8396 4717
Indonesia,320,"pondokbaru, benermeriah",60 kg,ptraas no.2,Specialty Coffee Association of Indonesia,"pondokbaru, benermeriah",2020,15/3515/57 & 15/3515/58,"September 9th, 2020",pt rajawali artha agro sejahtera (ptraas),ptraas,1200,Mandheling,sumatra,Completed,PT. Rajawali Artha Agro Sejahtera,Washed / Wet,7.58,7.33,7.25,8.67,7.17,10.00,7.42,7.25,7.50,-1.33,7.50,76.33,12 %,Green ,0 full defects,0 full defects,2,"September 9th, 2021",Specialty Coffee Association of Indonesia,"Ministry of Agriculture Republic Indonesia, Build C 5th Floor wing B Room 515 . Jl. Harsono RM No. 3, Ragunan, South Jakarta, Jakarta
",Mahardini Farizki - 081284251303 / 085780031543
Colombia,4,finca la costa,240 kg,Microlot,Asociación de Cafés Especiales de Nicaragua ,finca la frontera,2019,,"August 14th, 2020","southern viking trading company, llc",jack parker,1800,Other,caldas,Completed,Jack Parker and Paul Grant,Washed / Wet,6.83,7.33,6.75,7.33,6.58,10.00,7.33,6.75,7.17,-2.67,7.00,70.42,11 %,Green ,0 full defects,0 full defects,0,"August 14th, 2021",Asociación de Cafés Especiales de Nicaragua ,"Del Hotel Seminole 2 C al lago, 1 C arriba.",Maria Ines Benavidez Toval - 011-(505)-8396 4717
Honduras,92,la cuesta,30 kg,366,Instituto Hondureño del Café,dry mill,2019,13-111-208,"September 18th, 2020",mercon honduras,juan manuel sanchez silvestre,1500,Catuai,san andres,Completed,Bernardina Sanchez,Washed / Wet,7.75,6.00,7.50,6.00,7.42,6.00,7.50,7.50,7.67,-4.00,7.42,66.75,10 %,Green ,0 full defects,8 full defects,0,"September 18th, 2021",Instituto Hondureño del Café,"Laboratorio de Control de Calidad de Café ( CNCC), 33 Calle, 1-2 Avenida, Sector El Cacao. San Pedro Sula, Cortes",Ramon Reyes - + 504 9693-9042
